district_num,reddit_vader_sentiment,reddit_comment_count,year
11,0.0,0,2019
26,0.0,0,2021
7,0.0,0,2018
7,0.0,0,2019
7,0.0,0,2020
7,0.0,0,2021
1,0.12836955882352946,680,2018
2,0.1432782608695652,23,2018
3,0.032143868739205536,579,2018
4,0.0442967113276492,821,2018
5,0.044780710659898464,197,2018
6,0.05988285714285711,245,2018
8,0.12756354166666667,96,2018
9,0.06526805555555555,864,2018
10,0.11765419354838705,465,2018
11,0.04395000000000002,8,2018
12,0.043713953488372086,301,2018
13,0.2991725,40,2018
14,0.09340738916256146,406,2018
15,-0.03960952380952381,126,2018
16,0.0548314763231198,359,2018
17,0.08398735632183893,783,2018
18,0.009383703703703714,1215,2018
19,0.07404464285714284,672,2018
20,0.057153601108033115,722,2018
21,0.18196875,16,2018
22,0.08085344352617073,1089,2018
23,0.056885557586837325,547,2018
24,0.11680723270440255,318,2018
25,0.048608860759493694,1027,2018
26,-0.12098703703703699,162,2018
27,-0.00688677007299269,1096,2018
28,0.06590666666666664,150,2018
1,0.2245683562635772,1381,2019
2,0.018660465116279067,129,2019
3,0.12120487540628365,923,2019
4,0.08621787878787875,330,2019
5,0.07339155844155845,154,2019
6,0.09268852459016394,244,2019
8,-0.015059861111111128,720,2019
9,-0.00143599999999998,700,2019
10,0.11476062500000002,320,2019
12,0.05221914285714286,700,2019
13,0.17395074626865673,67,2019
14,0.08976407322654456,437,2019
15,0.055805614035087686,285,2019
16,-0.031309936575052856,473,2019
17,0.091579541547278,1745,2019
18,0.05117433762301278,1321,2019
19,0.03553475440222418,1079,2019
20,0.07225754475703312,1564,2019
21,0.06855,72,2019
22,0.08151575443786965,1352,2019
23,0.026047270114942445,696,2019
24,0.1352543543543543,666,2019
25,0.003857397959183681,784,2019
26,0.07890000000000001,19,2019
27,0.06266090225563897,1197,2019
28,0.1525890173410405,173,2019
1,0.16510972727272735,2200,2020
2,0.19357925170068027,294,2020
3,0.13852529302899452,1621,2020
4,0.14666012913640014,1239,2020
5,0.1297462962962963,216,2020
6,0.08498966346153843,832,2020
8,0.14928032994923846,788,2020
9,0.03695392237819983,1211,2020
10,0.06694663133989394,1321,2020
11,0.0579748987854251,247,2020
12,0.08359024154589365,1035,2020
13,0.10485194805194813,308,2020
14,0.06125157894736843,1425,2020
15,0.19243190184049064,326,2020
16,0.0477677814938684,897,2020
17,0.10496187624750504,2004,2020
18,0.058576217765042994,2094,2020
19,0.10827841133225752,5577,2020
20,0.07793139431616357,2252,2020
21,0.016315999999999994,25,2020
22,0.06778981806575171,3133,2020
23,0.11461071710007865,1269,2020
24,0.07799000000000006,390,2020
25,-0.003056229235880439,1204,2020
26,0.11453614457831325,166,2020
27,0.028654780361757063,1548,2020
28,0.0858441176470588,170,2020
1,0.0948229583975346,649,2021
2,-0.011543447412353972,2396,2021
3,0.23639728395061715,405,2021
4,0.1672359024390244,1025,2021
5,-0.05196811594202898,138,2021
6,0.08105384615384616,39,2021
8,0.009291851851851848,135,2021
9,0.1146277777777778,126,2021
10,0.1818391304347826,207,2021
11,-0.2290153846153846,13,2021
12,0.06644136546184735,498,2021
13,0.12974000000000002,5,2021
14,0.2607561514195582,317,2021
15,0.021877611940298504,67,2021
16,0.05011567567567567,185,2021
17,-0.01849074803149605,508,2021
18,0.09000438596491228,456,2021
19,0.05815769230769228,650,2021
20,0.1226943639291466,621,2021
21,0.377575,8,2021
22,0.06618277108433726,830,2021
23,0.005007216494845393,485,2021
24,0.03990170542635661,645,2021
25,0.034660995850622434,241,2021
27,0.08030897832817341,323,2021
28,0.06769999999999997,38,2021
