district_num,hwz_compound_sentiment,hwz_comment_count,year,reddit_vader_sentiment,reddit_comment_count,total_count,weighted_sentiment
21,0.0,0,2018,0.18196875,16,16,0.18196875
1,0.560225,8,2018,0.12836955882352946,680,688,0.13339113372093028
2,0.6866,1,2018,0.1432782608695652,23,24,0.16591666666666666
3,0.4981358974358975,39,2018,0.032143868739205536,579,618,0.061551132686084156
4,0.5044827586206896,29,2018,0.0442967113276492,821,850,0.05999717647058823
5,0.3777049180327869,61,2018,0.044780710659898464,197,258,0.12349534883720929
6,0.9392,1,2018,0.05988285714285711,245,246,0.0634573170731707
7,0.2329090909090909,11,2018,0.0,0,11,0.2329090909090909
8,0.5272,6,2018,0.12756354166666667,96,102,0.151071568627451
9,-0.0008699999999999986,10,2018,0.06526805555555555,864,874,0.06451132723112127
10,0.5581437499999999,16,2018,0.11765419354838705,465,481,0.13230665280665274
11,0.2364666666666667,12,2018,0.04395000000000002,8,20,0.15946000000000005
12,0.33240806451612914,124,2018,0.043713953488372086,301,425,0.12794470588235296
13,0.4313411764705883,51,2018,0.2991725,40,91,0.373245054945055
14,0.27255867346938784,196,2018,0.09340738916256146,406,602,0.15173571428571425
15,0.5744199999999999,5,2018,-0.03960952380952381,126,131,-0.016173282442748096
16,0.4076222222222222,36,2018,0.0548314763231198,359,395,0.08698455696202534
17,0.2658384615384615,39,2018,0.08398735632183893,783,822,0.09261532846715315
18,0.2811260736196319,326,2018,0.009383703703703714,1215,1541,0.06687105775470474
19,0.287341791044776,536,2018,0.07404464285714284,672,1208,0.16868642384105953
20,0.32321351351351346,37,2018,0.057153601108033115,722,759,0.07012358366271398
22,0.2376294117647059,68,2018,0.08085344352617073,1089,1157,0.09006758859118404
23,0.30568412698412706,63,2018,0.056885557586837325,547,610,0.08258114754098364
24,0.3828632653061225,49,2018,0.11680723270440255,318,367,0.1523297002724796
25,0.3264346938775513,98,2018,0.048608860759493694,1027,1125,0.07281057777777783
26,-0.3311,1,2018,-0.12098703703703699,162,163,-0.12227607361963186
27,0.25535882352941186,306,2018,-0.00688677007299269,1096,1402,0.05035085592011415
28,0.22103333333333333,36,2018,0.06590666666666664,150,186,0.0959311827956989
1,0.5090880000000001,25,2019,0.2245683562635772,1381,1406,0.2296273826458038
2,0.5563666666666666,3,2019,0.018660465116279067,129,132,0.0308810606060606
3,0.5150657142857141,35,2019,0.12120487540628365,923,958,0.13559436325678476
4,0.6240613333333332,75,2019,0.08621787878787875,330,405,0.18581851851851844
5,0.35006562499999994,160,2019,0.07339155844155845,154,314,0.21437197452229298
6,-0.1546,3,2019,0.09268852459016394,244,247,0.08968502024291498
7,0.3808416666666667,12,2019,0.0,0,12,0.3808416666666667
8,0.739875,4,2019,-0.015059861111111128,720,724,-0.010888950276243111
9,0.3096927272727273,55,2019,-0.00143599999999998,700,755,0.021229006622516575
10,0.4610639175257732,97,2019,0.11476062500000002,320,417,0.19531558752997602
11,0.3567372093023256,86,2019,0.0,0,86,0.3567372093023256
12,0.29017671232876713,146,2019,0.05221914285714286,700,846,0.09328510638297872
13,0.3952962962962964,54,2019,0.17395074626865673,67,121,0.27273305785123975
14,0.4140865168539327,89,2019,0.08976407322654456,437,526,0.14463992395437258
15,0.6890229166666667,48,2019,0.055805614035087686,285,333,0.14708018018018015
16,0.5695062499999998,64,2019,-0.031309936575052856,473,537,0.04029571694599625
17,0.5042058252427185,103,2019,0.091579541547278,1745,1848,0.11457765151515159
18,0.40416340110905696,541,2019,0.05117433762301278,1321,1862,0.15373453276047244
19,0.39726188271604895,648,2019,0.03553475440222418,1079,1727,0.17126097278517638
20,0.3781258620689655,116,2019,0.07225754475703312,1564,1680,0.0933770238095237
21,0.5074500000000001,6,2019,0.06855,72,78,0.10231153846153847
22,0.3687716666666667,60,2019,0.08151575443786965,1352,1412,0.0937220963172803
23,0.3019963636363636,55,2019,0.026047270114942445,696,751,0.04625659121171763
24,0.3584049180327869,61,2019,0.1352543543543543,666,727,0.15397812929848687
25,0.4864471698113208,53,2019,0.003857397959183681,784,837,0.034415651135005984
26,0.2458555555555556,18,2019,0.07890000000000001,19,37,0.16012162162162163
27,0.3732077777777778,180,2019,0.06266090225563897,1197,1377,0.10325526506899046
28,0.6369470588235294,17,2019,0.1525890173410405,173,190,0.19592631578947373
1,0.3934786516853929,178,2020,0.16510972727272735,2200,2378,0.18220378469301937
2,0.543968,50,2020,0.19357925170068027,294,344,0.24450784883720927
3,0.4300970731707317,205,2020,0.13852529302899452,1621,1826,0.17125925520262875
4,0.3275940366972477,218,2020,0.14666012913640014,1239,1457,0.1737319148936169
5,0.4562541838134429,715,2020,0.1297462962962963,216,931,0.3805015482562961
6,0.44803513513513504,37,2020,0.08498966346153843,832,869,0.1004472957422324
7,0.465340606060606,165,2020,0.0,0,165,0.465340606060606
8,0.3336169230769231,65,2020,0.14928032994923846,788,853,0.16332708089097292
9,0.511517821782178,202,2020,0.03695392237819983,1211,1413,0.10479674451521581
10,0.40004554216867455,415,2020,0.06694663133989394,1321,1736,0.14657569124423953
11,0.4766451162790704,430,2020,0.0579748987854251,247,677,0.32389542097488966
12,0.3762909952606635,422,2020,0.08359024154589365,1035,1457,0.16836698695950578
13,0.3828430656934309,411,2020,0.10485194805194813,308,719,0.26375924895688474
14,0.4242363223609539,881,2020,0.06125157894736843,1425,2306,0.19992875108412853
15,0.4826473282442751,131,2020,0.19243190184049064,326,457,0.27562275711159734
16,0.4476946280991734,238,2020,0.0477677814938684,897,1135,0.13162909382167684
17,0.4301544444444444,180,2020,0.10496187624750504,2004,2184,0.13176346153846158
18,0.43617690839694623,1042,2020,0.058576217765042994,2094,3136,0.18404175336403636
19,0.3745963001027748,973,2020,0.10827841133225752,5577,6550,0.1478398320610687
20,0.3660971619365609,599,2020,0.07793139431616357,2252,2851,0.13847551736232913
21,0.3989353846153847,65,2020,0.016315999999999994,25,90,0.29265222222222226
22,0.5105050420168065,234,2020,0.06778981806575171,3133,3367,0.09855767146775551
23,0.4038456928838948,267,2020,0.11461071710007865,1269,1536,0.1648878906249998
24,0.3405222466960351,454,2020,0.07799000000000006,390,844,0.219209952606635
25,0.2798653061224491,388,2020,-0.003056229235880439,1204,1592,0.06589700928109936
26,0.32732,15,2020,0.11453614457831325,166,181,0.13217016574585636
27,0.3436185941043085,437,2020,0.028654780361757063,1548,1985,0.09799442096905933
28,0.32417499999999994,32,2020,0.0858441176470588,170,202,0.12359950495049501
1,0.4552659090909091,44,2021,0.0948229583975346,649,693,0.11770822510822504
2,0.4044079999999999,25,2021,-0.011543447412353972,2396,2421,-0.00724820322180922
3,0.4885187499999998,48,2021,0.23639728395061715,405,453,0.2631121412803531
4,0.29010571428571424,105,2021,0.1672359024390244,1025,1130,0.1786530088495575
5,0.4750496183206106,131,2021,-0.05196811594202898,138,269,0.20468364312267656
6,-0.01776666666666667,3,2021,0.08105384615384616,39,42,0.0739952380952381
7,0.4529372549019608,51,2021,0.0,0,51,0.4529372549019608
8,0.26932727272727275,11,2021,0.009291851851851848,135,146,0.028883561643835612
9,0.6557636363636364,22,2021,0.1146277777777778,126,148,0.1950668918918919
10,0.45285,44,2021,0.1818391304347826,207,251,0.2293470119521912
11,0.4676599999999999,35,2021,-0.2290153846153846,13,48,0.27897708333333326
12,0.26433432835820897,67,2021,0.06644136546184735,498,565,0.08990831858407076
13,0.2801555555555556,45,2021,0.12974000000000002,5,50,0.265114
14,0.15280652173913042,46,2021,0.2607561514195582,317,363,0.24707658402203844
15,0.3346857142857143,14,2021,0.021877611940298504,67,81,0.07594320987654321
16,0.2996533333333333,15,2021,0.05011567567567567,185,200,0.06883099999999999
17,0.027360000000000013,15,2021,-0.01849074803149605,508,523,-0.0171757170172084
18,0.30022666666666675,120,2021,0.09000438596491228,456,576,0.13380069444444448
19,0.3590727272727274,110,2021,0.05815769230769228,650,760,0.1017111842105263
20,0.2328564102564102,39,2021,0.1226943639291466,621,660,0.12920393939393945
21,0.5928,8,2021,0.377575,8,16,0.4851875
22,0.4459952380952383,42,2021,0.06618277108433726,830,872,0.084476490825688
23,0.2358767857142857,56,2021,0.005007216494845393,485,541,0.028904990757855853
24,0.4166857142857143,21,2021,0.03990170542635661,645,666,0.05178228228228231
25,0.3842714285714286,35,2021,0.034660995850622434,241,276,0.07899565217391308
26,0.8221,1,2021,0.0,0,1,0.8221
27,0.25846222222222226,45,2021,0.08030897832817341,323,368,0.10209402173913047
28,0.4032818181818181,11,2021,0.06769999999999997,38,49,0.14303469387755097
